Time,V1,V2,Amount,Class
0,-1.359807134,1.191857111,149.62,0
360,1.191857111,-1.358354062,2.69,0
720,-1.358354062,-1.340163075,378.66,1
